{"cameraMode":{"drawMode":0,"name":"Shaded","section":"Shading Mode"},"sceneLighting":true,"audioPlay":false,"sceneViewState":{"m_AlwaysRefresh":false,"showFog":true,"showSkybox":true,"showFlares":true,"showImageEffects":true,"showParticleSystems":true,"showVisualEffectGraphs":true,"m_FxEnabled":true},"in2DMode":false,"pivot":{"x":1.2772036790847779,"y":0.0023021697998046877,"z":0.842485785484314},"rotation":{"x":0.20089858770370484,"y":0.12626416981220246,"z":-0.026119735091924669,"w":0.9710968732833862},"size":3.2435407638549806,"orthographic":false}