{"cameraMode":{"drawMode":0,"name":"Shaded","section":"Shading Mode"},"sceneLighting":true,"audioPlay":false,"sceneViewState":{"m_AlwaysRefresh":false,"showFog":true,"showSkybox":true,"showFlares":true,"showImageEffects":true,"showParticleSystems":true,"showVisualEffectGraphs":true,"m_FxEnabled":true},"in2DMode":false,"pivot":{"x":486.5228271484375,"y":197.70831298828126,"z":129.25750732421876},"rotation":{"x":0.05090714991092682,"y":0.05270380526781082,"z":-0.002688927808776498,"w":0.9973129034042358},"size":327.2787780761719,"orthographic":false}